num_ecs,num_fsds,num_ssds,num_layers,neurons,dropout,act_func,l_rate,epochs,batch_size,train_ds,val_ds
11,11,11,4,125,0.0,relu,0.01,300,64,datasets/7-5/train/reg/ds_dti_pw_1_ec_train_reg_10.csv,
11,11,11,1,431,0.4,sigmoid,0.0001,300,32,datasets/7-5/train/reg/ds_dti_pw_1_ec_train_reg_10.csv,
11,11,11,3,81,0.4,relu,0.0001,300,128,datasets/7-5/train/reg/ds_dti_pw_1_ec_train_reg_10.csv,
11,11,11,2,136,0.0,relu,0.001,300,64,datasets/7-5/train/reg/ds_dti_pw_1_ec_train_reg_10.csv,
11,11,11,4,314,0.0,tanh,0.0001,300,128,datasets/7-5/train/reg/ds_dti_pw_1_ec_train_reg_10.csv,
11,11,11,4,340,0.4,relu,0.0001,300,32,datasets/7-5/train/reg/ds_dti_pw_1_ec_train_reg_10.csv,
11,11,11,1,299,0.0,relu,0.01,300,32,datasets/7-5/train/reg/ds_dti_pw_1_ec_train_reg_10.csv,
11,11,11,2,34,0.4,sigmoid,0.001,300,128,datasets/7-5/train/reg/ds_dti_pw_1_ec_train_reg_10.csv,
11,11,11,2,231,0.0,sigmoid,0.01,300,64,datasets/7-5/train/reg/ds_dti_pw_1_ec_train_reg_10.csv,
11,11,11,1,237,0.2,relu,0.01,300,64,datasets/7-5/train/reg/ds_dti_pw_1_ec_train_reg_10.csv,
11,11,11,2,249,0.0,relu,0.01,300,32,datasets/7-5/train/reg/ds_dti_pw_1_ec_train_reg_10.csv,
11,11,11,3,329,0.0,sigmoid,0.01,300,128,datasets/7-5/train/reg/ds_dti_pw_1_ec_train_reg_10.csv,
11,11,11,4,164,0.2,sigmoid,0.01,300,32,datasets/7-5/train/reg/ds_dti_pw_1_ec_train_reg_10.csv,
11,11,11,4,238,0.0,tanh,0.01,300,32,datasets/7-5/train/reg/ds_dti_pw_1_ec_train_reg_10.csv,
11,11,11,1,261,0.4,tanh,0.01,300,64,datasets/7-5/train/reg/ds_dti_pw_1_ec_train_reg_10.csv,
11,11,11,2,176,0.2,tanh,0.001,300,64,datasets/7-5/train/reg/ds_dti_pw_1_ec_train_reg_10.csv,
11,11,11,2,64,0.0,tanh,0.001,300,32,datasets/7-5/train/reg/ds_dti_pw_1_ec_train_reg_10.csv,
11,11,11,2,130,0.4,sigmoid,0.01,300,32,datasets/7-5/train/reg/ds_dti_pw_1_ec_train_reg_10.csv,
11,11,11,1,63,0.4,relu,0.0001,300,64,datasets/7-5/train/reg/ds_dti_pw_1_ec_train_reg_10.csv,
11,11,11,3,420,0.0,sigmoid,0.0001,300,64,datasets/7-5/train/reg/ds_dti_pw_1_ec_train_reg_10.csv,
11,11,11,2,69,0.0,sigmoid,0.01,300,128,datasets/7-5/train/reg/ds_dti_pw_1_ec_train_reg_10.csv,
11,11,11,3,377,0.4,tanh,0.01,300,128,datasets/7-5/train/reg/ds_dti_pw_1_ec_train_reg_10.csv,
11,11,11,1,195,0.2,relu,0.01,300,32,datasets/7-5/train/reg/ds_dti_pw_1_ec_train_reg_10.csv,
11,11,11,1,286,0.0,relu,0.001,300,32,datasets/7-5/train/reg/ds_dti_pw_1_ec_train_reg_10.csv,
11,11,11,1,284,0.0,sigmoid,0.0001,300,64,datasets/7-5/train/reg/ds_dti_pw_1_ec_train_reg_10.csv,
11,11,11,4,328,0.2,tanh,0.0001,300,64,datasets/7-5/train/reg/ds_dti_pw_1_ec_train_reg_10.csv,
11,11,11,4,435,0.4,relu,0.001,300,32,datasets/7-5/train/reg/ds_dti_pw_1_ec_train_reg_10.csv,
11,11,11,4,313,0.2,tanh,0.0001,300,64,datasets/7-5/train/reg/ds_dti_pw_1_ec_train_reg_10.csv,
11,11,11,4,451,0.4,tanh,0.01,300,32,datasets/7-5/train/reg/ds_dti_pw_1_ec_train_reg_10.csv,
11,11,11,4,410,0.0,sigmoid,0.0001,300,128,datasets/7-5/train/reg/ds_dti_pw_1_ec_train_reg_10.csv,
11,11,11,1,311,0.0,sigmoid,0.01,300,128,datasets/7-5/train/reg/ds_dti_pw_1_ec_train_reg_10.csv,
11,11,11,3,63,0.0,relu,0.001,300,64,datasets/7-5/train/reg/ds_dti_pw_1_ec_train_reg_10.csv,
11,11,11,3,462,0.2,relu,0.01,300,64,datasets/7-5/train/reg/ds_dti_pw_1_ec_train_reg_10.csv,
11,11,11,3,408,0.0,relu,0.0001,300,128,datasets/7-5/train/reg/ds_dti_pw_1_ec_train_reg_10.csv,
11,11,11,4,48,0.0,relu,0.001,300,32,datasets/7-5/train/reg/ds_dti_pw_1_ec_train_reg_10.csv,
11,11,11,2,485,0.2,relu,0.01,300,128,datasets/7-5/train/reg/ds_dti_pw_1_ec_train_reg_10.csv,
11,11,11,3,309,0.2,sigmoid,0.01,300,128,datasets/7-5/train/reg/ds_dti_pw_1_ec_train_reg_10.csv,
11,11,11,2,256,0.4,relu,0.01,300,32,datasets/7-5/train/reg/ds_dti_pw_1_ec_train_reg_10.csv,
11,11,11,1,107,0.4,tanh,0.0001,300,64,datasets/7-5/train/reg/ds_dti_pw_1_ec_train_reg_10.csv,
11,11,11,2,275,0.0,sigmoid,0.001,300,64,datasets/7-5/train/reg/ds_dti_pw_1_ec_train_reg_10.csv,
11,11,11,2,294,0.4,relu,0.001,300,64,datasets/7-5/train/reg/ds_dti_pw_1_ec_train_reg_10.csv,
11,11,11,4,64,0.0,relu,0.01,300,32,datasets/7-5/train/reg/ds_dti_pw_1_ec_train_reg_10.csv,
11,11,11,1,249,0.0,sigmoid,0.0001,300,64,datasets/7-5/train/reg/ds_dti_pw_1_ec_train_reg_10.csv,
11,11,11,2,74,0.0,tanh,0.01,300,128,datasets/7-5/train/reg/ds_dti_pw_1_ec_train_reg_10.csv,
11,11,11,1,89,0.0,sigmoid,0.0001,300,64,datasets/7-5/train/reg/ds_dti_pw_1_ec_train_reg_10.csv,
11,11,11,1,177,0.4,tanh,0.001,300,64,datasets/7-5/train/reg/ds_dti_pw_1_ec_train_reg_10.csv,
11,11,11,4,120,0.0,sigmoid,0.0001,300,128,datasets/7-5/train/reg/ds_dti_pw_1_ec_train_reg_10.csv,
11,11,11,3,256,0.0,relu,0.0001,300,32,datasets/7-5/train/reg/ds_dti_pw_1_ec_train_reg_10.csv,
11,11,11,2,169,0.4,sigmoid,0.01,300,128,datasets/7-5/train/reg/ds_dti_pw_1_ec_train_reg_10.csv,
11,11,11,4,368,0.4,relu,0.0001,300,64,datasets/7-5/train/reg/ds_dti_pw_1_ec_train_reg_10.csv,
11,11,11,2,334,0.0,sigmoid,0.01,300,128,datasets/7-5/train/reg/ds_dti_pw_1_ec_train_reg_10.csv,
11,11,11,2,333,0.0,tanh,0.0001,300,32,datasets/7-5/train/reg/ds_dti_pw_1_ec_train_reg_10.csv,
11,11,11,2,151,0.4,relu,0.001,300,32,datasets/7-5/train/reg/ds_dti_pw_1_ec_train_reg_10.csv,
11,11,11,1,267,0.2,tanh,0.0001,300,128,datasets/7-5/train/reg/ds_dti_pw_1_ec_train_reg_10.csv,
11,11,11,4,298,0.4,tanh,0.01,300,128,datasets/7-5/train/reg/ds_dti_pw_1_ec_train_reg_10.csv,
11,11,11,3,301,0.2,sigmoid,0.01,300,64,datasets/7-5/train/reg/ds_dti_pw_1_ec_train_reg_10.csv,
11,11,11,2,61,0.0,sigmoid,0.0001,300,32,datasets/7-5/train/reg/ds_dti_pw_1_ec_train_reg_10.csv,
11,11,11,2,300,0.2,relu,0.0001,300,32,datasets/7-5/train/reg/ds_dti_pw_1_ec_train_reg_10.csv,
11,11,11,4,360,0.4,sigmoid,0.001,300,64,datasets/7-5/train/reg/ds_dti_pw_1_ec_train_reg_10.csv,
11,11,11,1,117,0.2,relu,0.01,300,32,datasets/7-5/train/reg/ds_dti_pw_1_ec_train_reg_10.csv,
11,11,11,1,178,0.2,sigmoid,0.001,300,128,datasets/7-5/train/reg/ds_dti_pw_1_ec_train_reg_10.csv,
11,11,11,3,242,0.4,relu,0.0001,300,64,datasets/7-5/train/reg/ds_dti_pw_1_ec_train_reg_10.csv,
11,11,11,1,226,0.2,tanh,0.01,300,128,datasets/7-5/train/reg/ds_dti_pw_1_ec_train_reg_10.csv,
11,11,11,4,207,0.4,tanh,0.0001,300,32,datasets/7-5/train/reg/ds_dti_pw_1_ec_train_reg_10.csv,
11,11,11,4,27,0.0,relu,0.0001,300,32,datasets/7-5/train/reg/ds_dti_pw_1_ec_train_reg_10.csv,
11,11,11,1,330,0.2,sigmoid,0.0001,300,32,datasets/7-5/train/reg/ds_dti_pw_1_ec_train_reg_10.csv,
11,11,11,3,327,0.4,relu,0.001,300,64,datasets/7-5/train/reg/ds_dti_pw_1_ec_train_reg_10.csv,
11,11,11,1,201,0.0,sigmoid,0.01,300,32,datasets/7-5/train/reg/ds_dti_pw_1_ec_train_reg_10.csv,
11,11,11,2,382,0.0,tanh,0.0001,300,32,datasets/7-5/train/reg/ds_dti_pw_1_ec_train_reg_10.csv,
11,11,11,4,348,0.4,sigmoid,0.001,300,64,datasets/7-5/train/reg/ds_dti_pw_1_ec_train_reg_10.csv,
11,11,11,1,29,0.2,tanh,0.001,300,64,datasets/7-5/train/reg/ds_dti_pw_1_ec_train_reg_10.csv,
11,11,11,4,133,0.2,sigmoid,0.001,300,128,datasets/7-5/train/reg/ds_dti_pw_1_ec_train_reg_10.csv,
11,11,11,3,244,0.4,sigmoid,0.0001,300,128,datasets/7-5/train/reg/ds_dti_pw_1_ec_train_reg_10.csv,
11,11,11,4,466,0.4,sigmoid,0.001,300,32,datasets/7-5/train/reg/ds_dti_pw_1_ec_train_reg_10.csv,
11,11,11,2,367,0.2,relu,0.0001,300,64,datasets/7-5/train/reg/ds_dti_pw_1_ec_train_reg_10.csv,
11,11,11,4,298,0.0,sigmoid,0.01,300,64,datasets/7-5/train/reg/ds_dti_pw_1_ec_train_reg_10.csv,
11,11,11,3,223,0.2,sigmoid,0.001,300,128,datasets/7-5/train/reg/ds_dti_pw_1_ec_train_reg_10.csv,
11,11,11,4,220,0.4,relu,0.01,300,64,datasets/7-5/train/reg/ds_dti_pw_1_ec_train_reg_10.csv,
11,11,11,4,297,0.2,relu,0.01,300,32,datasets/7-5/train/reg/ds_dti_pw_1_ec_train_reg_10.csv,
11,11,11,4,294,0.2,sigmoid,0.001,300,64,datasets/7-5/train/reg/ds_dti_pw_1_ec_train_reg_10.csv,
11,11,11,4,270,0.4,tanh,0.0001,300,32,datasets/7-5/train/reg/ds_dti_pw_1_ec_train_reg_10.csv,
11,11,11,3,209,0.0,relu,0.001,300,64,datasets/7-5/train/reg/ds_dti_pw_1_ec_train_reg_10.csv,
11,11,11,1,402,0.4,tanh,0.001,300,128,datasets/7-5/train/reg/ds_dti_pw_1_ec_train_reg_10.csv,
11,11,11,2,22,0.2,relu,0.01,300,128,datasets/7-5/train/reg/ds_dti_pw_1_ec_train_reg_10.csv,
11,11,11,3,171,0.4,relu,0.0001,300,128,datasets/7-5/train/reg/ds_dti_pw_1_ec_train_reg_10.csv,
11,11,11,4,482,0.4,relu,0.0001,300,128,datasets/7-5/train/reg/ds_dti_pw_1_ec_train_reg_10.csv,
11,11,11,4,469,0.2,tanh,0.01,300,128,datasets/7-5/train/reg/ds_dti_pw_1_ec_train_reg_10.csv,
11,11,11,3,443,0.2,sigmoid,0.001,300,128,datasets/7-5/train/reg/ds_dti_pw_1_ec_train_reg_10.csv,
11,11,11,1,405,0.0,sigmoid,0.01,300,64,datasets/7-5/train/reg/ds_dti_pw_1_ec_train_reg_10.csv,
11,11,11,1,235,0.0,tanh,0.001,300,32,datasets/7-5/train/reg/ds_dti_pw_1_ec_train_reg_10.csv,
11,11,11,4,28,0.4,sigmoid,0.001,300,64,datasets/7-5/train/reg/ds_dti_pw_1_ec_train_reg_10.csv,
11,11,11,4,103,0.0,tanh,0.0001,300,128,datasets/7-5/train/reg/ds_dti_pw_1_ec_train_reg_10.csv,
11,11,11,2,410,0.0,sigmoid,0.01,300,32,datasets/7-5/train/reg/ds_dti_pw_1_ec_train_reg_10.csv,
11,11,11,1,319,0.0,relu,0.001,300,32,datasets/7-5/train/reg/ds_dti_pw_1_ec_train_reg_10.csv,
11,11,11,2,188,0.4,relu,0.01,300,32,datasets/7-5/train/reg/ds_dti_pw_1_ec_train_reg_10.csv,
11,11,11,4,478,0.0,sigmoid,0.0001,300,32,datasets/7-5/train/reg/ds_dti_pw_1_ec_train_reg_10.csv,
11,11,11,3,496,0.0,relu,0.0001,300,64,datasets/7-5/train/reg/ds_dti_pw_1_ec_train_reg_10.csv,
11,11,11,1,170,0.4,tanh,0.001,300,64,datasets/7-5/train/reg/ds_dti_pw_1_ec_train_reg_10.csv,
11,11,11,3,437,0.0,sigmoid,0.0001,300,128,datasets/7-5/train/reg/ds_dti_pw_1_ec_train_reg_10.csv,
11,11,11,1,38,0.4,sigmoid,0.001,300,32,datasets/7-5/train/reg/ds_dti_pw_1_ec_train_reg_10.csv,
11,11,11,3,422,0.4,sigmoid,0.001,300,128,datasets/7-5/train/reg/ds_dti_pw_1_ec_train_reg_10.csv,
11,11,11,2,403,0.4,tanh,0.0001,300,64,datasets/7-5/train/reg/ds_dti_pw_1_ec_train_reg_10.csv,
11,11,11,1,448,0.4,relu,0.01,300,32,datasets/7-5/train/reg/ds_dti_pw_1_ec_train_reg_10.csv,
11,11,11,1,259,0.0,tanh,0.01,300,64,datasets/7-5/train/reg/ds_dti_pw_1_ec_train_reg_10.csv,
11,11,11,2,372,0.0,sigmoid,0.0001,300,64,datasets/7-5/train/reg/ds_dti_pw_1_ec_train_reg_10.csv,
11,11,11,1,425,0.2,sigmoid,0.01,300,32,datasets/7-5/train/reg/ds_dti_pw_1_ec_train_reg_10.csv,
11,11,11,4,332,0.2,sigmoid,0.001,300,64,datasets/7-5/train/reg/ds_dti_pw_1_ec_train_reg_10.csv,
11,11,11,4,492,0.4,tanh,0.0001,300,32,datasets/7-5/train/reg/ds_dti_pw_1_ec_train_reg_10.csv,
11,11,11,1,263,0.2,relu,0.001,300,128,datasets/7-5/train/reg/ds_dti_pw_1_ec_train_reg_10.csv,
11,11,11,4,500,0.2,sigmoid,0.01,300,32,datasets/7-5/train/reg/ds_dti_pw_1_ec_train_reg_10.csv,
11,11,11,1,142,0.0,tanh,0.0001,300,64,datasets/7-5/train/reg/ds_dti_pw_1_ec_train_reg_10.csv,
11,11,11,1,328,0.4,sigmoid,0.001,300,32,datasets/7-5/train/reg/ds_dti_pw_1_ec_train_reg_10.csv,
11,11,11,3,330,0.4,tanh,0.001,300,128,datasets/7-5/train/reg/ds_dti_pw_1_ec_train_reg_10.csv,
11,11,11,2,329,0.4,sigmoid,0.01,300,128,datasets/7-5/train/reg/ds_dti_pw_1_ec_train_reg_10.csv,
11,11,11,1,241,0.4,tanh,0.001,300,64,datasets/7-5/train/reg/ds_dti_pw_1_ec_train_reg_10.csv,
11,11,11,3,414,0.0,tanh,0.01,300,128,datasets/7-5/train/reg/ds_dti_pw_1_ec_train_reg_10.csv,
11,11,11,2,131,0.2,relu,0.01,300,32,datasets/7-5/train/reg/ds_dti_pw_1_ec_train_reg_10.csv,
11,11,11,3,334,0.0,tanh,0.0001,300,64,datasets/7-5/train/reg/ds_dti_pw_1_ec_train_reg_10.csv,
11,11,11,3,320,0.4,tanh,0.0001,300,32,datasets/7-5/train/reg/ds_dti_pw_1_ec_train_reg_10.csv,
11,11,11,1,352,0.0,relu,0.001,300,64,datasets/7-5/train/reg/ds_dti_pw_1_ec_train_reg_10.csv,
11,11,11,4,17,0.0,sigmoid,0.01,300,128,datasets/7-5/train/reg/ds_dti_pw_1_ec_train_reg_10.csv,
11,11,11,3,364,0.4,relu,0.0001,300,32,datasets/7-5/train/reg/ds_dti_pw_1_ec_train_reg_10.csv,
11,11,11,2,162,0.2,tanh,0.01,300,64,datasets/7-5/train/reg/ds_dti_pw_1_ec_train_reg_10.csv,
11,11,11,1,190,0.2,tanh,0.0001,300,32,datasets/7-5/train/reg/ds_dti_pw_1_ec_train_reg_10.csv,
11,11,11,3,250,0.0,tanh,0.001,300,128,datasets/7-5/train/reg/ds_dti_pw_1_ec_train_reg_10.csv,
11,11,11,4,490,0.2,sigmoid,0.0001,300,64,datasets/7-5/train/reg/ds_dti_pw_1_ec_train_reg_10.csv,
11,11,11,4,240,0.4,sigmoid,0.01,300,64,datasets/7-5/train/reg/ds_dti_pw_1_ec_train_reg_10.csv,
11,11,11,1,162,0.4,relu,0.01,300,64,datasets/7-5/train/reg/ds_dti_pw_1_ec_train_reg_10.csv,
11,11,11,3,483,0.4,relu,0.01,300,64,datasets/7-5/train/reg/ds_dti_pw_1_ec_train_reg_10.csv,
11,11,11,1,136,0.2,sigmoid,0.01,300,32,datasets/7-5/train/reg/ds_dti_pw_1_ec_train_reg_10.csv,
11,11,11,2,216,0.2,relu,0.0001,300,32,datasets/7-5/train/reg/ds_dti_pw_1_ec_train_reg_10.csv,
11,11,11,2,266,0.2,sigmoid,0.0001,300,64,datasets/7-5/train/reg/ds_dti_pw_1_ec_train_reg_10.csv,
11,11,11,1,134,0.0,sigmoid,0.01,300,32,datasets/7-5/train/reg/ds_dti_pw_1_ec_train_reg_10.csv,
11,11,11,4,317,0.0,tanh,0.001,300,32,datasets/7-5/train/reg/ds_dti_pw_1_ec_train_reg_10.csv,
11,11,11,2,455,0.4,sigmoid,0.001,300,32,datasets/7-5/train/reg/ds_dti_pw_1_ec_train_reg_10.csv,
11,11,11,1,60,0.4,tanh,0.001,300,128,datasets/7-5/train/reg/ds_dti_pw_1_ec_train_reg_10.csv,
11,11,11,2,438,0.0,tanh,0.01,300,128,datasets/7-5/train/reg/ds_dti_pw_1_ec_train_reg_10.csv,
11,11,11,4,194,0.4,relu,0.0001,300,32,datasets/7-5/train/reg/ds_dti_pw_1_ec_train_reg_10.csv,
11,11,11,1,267,0.2,sigmoid,0.01,300,32,datasets/7-5/train/reg/ds_dti_pw_1_ec_train_reg_10.csv,
11,11,11,2,224,0.4,sigmoid,0.01,300,128,datasets/7-5/train/reg/ds_dti_pw_1_ec_train_reg_10.csv,
11,11,11,4,223,0.0,sigmoid,0.001,300,32,datasets/7-5/train/reg/ds_dti_pw_1_ec_train_reg_10.csv,
11,11,11,4,200,0.2,sigmoid,0.0001,300,128,datasets/7-5/train/reg/ds_dti_pw_1_ec_train_reg_10.csv,
11,11,11,1,472,0.2,relu,0.001,300,128,datasets/7-5/train/reg/ds_dti_pw_1_ec_train_reg_10.csv,
11,11,11,3,254,0.2,tanh,0.01,300,64,datasets/7-5/train/reg/ds_dti_pw_1_ec_train_reg_10.csv,
11,11,11,3,446,0.0,relu,0.0001,300,64,datasets/7-5/train/reg/ds_dti_pw_1_ec_train_reg_10.csv,
11,11,11,2,61,0.2,sigmoid,0.0001,300,32,datasets/7-5/train/reg/ds_dti_pw_1_ec_train_reg_10.csv,
11,11,11,1,305,0.4,sigmoid,0.001,300,64,datasets/7-5/train/reg/ds_dti_pw_1_ec_train_reg_10.csv,
11,11,11,1,274,0.4,sigmoid,0.0001,300,128,datasets/7-5/train/reg/ds_dti_pw_1_ec_train_reg_10.csv,
11,11,11,1,249,0.2,tanh,0.001,300,128,datasets/7-5/train/reg/ds_dti_pw_1_ec_train_reg_10.csv,
11,11,11,3,367,0.4,tanh,0.0001,300,64,datasets/7-5/train/reg/ds_dti_pw_1_ec_train_reg_10.csv,
11,11,11,1,235,0.0,sigmoid,0.001,300,32,datasets/7-5/train/reg/ds_dti_pw_1_ec_train_reg_10.csv,
11,11,11,1,343,0.2,relu,0.01,300,128,datasets/7-5/train/reg/ds_dti_pw_1_ec_train_reg_10.csv,
11,11,11,3,219,0.0,sigmoid,0.01,300,128,datasets/7-5/train/reg/ds_dti_pw_1_ec_train_reg_10.csv,
11,11,11,1,352,0.0,sigmoid,0.01,300,32,datasets/7-5/train/reg/ds_dti_pw_1_ec_train_reg_10.csv,
11,11,11,2,491,0.2,sigmoid,0.0001,300,32,datasets/7-5/train/reg/ds_dti_pw_1_ec_train_reg_10.csv,
11,11,11,4,409,0.2,tanh,0.0001,300,128,datasets/7-5/train/reg/ds_dti_pw_1_ec_train_reg_10.csv,
11,11,11,2,425,0.4,relu,0.01,300,128,datasets/7-5/train/reg/ds_dti_pw_1_ec_train_reg_10.csv,
11,11,11,3,387,0.2,tanh,0.01,300,32,datasets/7-5/train/reg/ds_dti_pw_1_ec_train_reg_10.csv,
11,11,11,2,478,0.4,sigmoid,0.001,300,64,datasets/7-5/train/reg/ds_dti_pw_1_ec_train_reg_10.csv,
11,11,11,1,307,0.2,tanh,0.0001,300,32,datasets/7-5/train/reg/ds_dti_pw_1_ec_train_reg_10.csv,
11,11,11,2,152,0.4,tanh,0.0001,300,32,datasets/7-5/train/reg/ds_dti_pw_1_ec_train_reg_10.csv,
11,11,11,3,393,0.2,tanh,0.001,300,64,datasets/7-5/train/reg/ds_dti_pw_1_ec_train_reg_10.csv,
11,11,11,1,319,0.0,tanh,0.0001,300,32,datasets/7-5/train/reg/ds_dti_pw_1_ec_train_reg_10.csv,
11,11,11,4,376,0.4,relu,0.001,300,128,datasets/7-5/train/reg/ds_dti_pw_1_ec_train_reg_10.csv,
11,11,11,2,266,0.0,tanh,0.0001,300,64,datasets/7-5/train/reg/ds_dti_pw_1_ec_train_reg_10.csv,
11,11,11,1,330,0.0,sigmoid,0.001,300,64,datasets/7-5/train/reg/ds_dti_pw_1_ec_train_reg_10.csv,
11,11,11,3,284,0.0,relu,0.001,300,128,datasets/7-5/train/reg/ds_dti_pw_1_ec_train_reg_10.csv,
11,11,11,2,327,0.4,relu,0.0001,300,32,datasets/7-5/train/reg/ds_dti_pw_1_ec_train_reg_10.csv,
11,11,11,1,272,0.4,sigmoid,0.01,300,128,datasets/7-5/train/reg/ds_dti_pw_1_ec_train_reg_10.csv,
11,11,11,2,153,0.0,sigmoid,0.001,300,64,datasets/7-5/train/reg/ds_dti_pw_1_ec_train_reg_10.csv,
11,11,11,1,459,0.0,tanh,0.0001,300,128,datasets/7-5/train/reg/ds_dti_pw_1_ec_train_reg_10.csv,
11,11,11,2,68,0.2,relu,0.001,300,64,datasets/7-5/train/reg/ds_dti_pw_1_ec_train_reg_10.csv,
11,11,11,4,355,0.0,relu,0.001,300,128,datasets/7-5/train/reg/ds_dti_pw_1_ec_train_reg_10.csv,
11,11,11,2,464,0.0,sigmoid,0.0001,300,64,datasets/7-5/train/reg/ds_dti_pw_1_ec_train_reg_10.csv,
11,11,11,1,305,0.4,tanh,0.001,300,128,datasets/7-5/train/reg/ds_dti_pw_1_ec_train_reg_10.csv,
11,11,11,2,254,0.4,relu,0.0001,300,128,datasets/7-5/train/reg/ds_dti_pw_1_ec_train_reg_10.csv,
11,11,11,3,449,0.2,tanh,0.01,300,128,datasets/7-5/train/reg/ds_dti_pw_1_ec_train_reg_10.csv,
11,11,11,4,100,0.2,relu,0.0001,300,128,datasets/7-5/train/reg/ds_dti_pw_1_ec_train_reg_10.csv,
11,11,11,2,350,0.2,relu,0.0001,300,32,datasets/7-5/train/reg/ds_dti_pw_1_ec_train_reg_10.csv,
11,11,11,2,253,0.2,sigmoid,0.001,300,32,datasets/7-5/train/reg/ds_dti_pw_1_ec_train_reg_10.csv,
11,11,11,2,391,0.4,sigmoid,0.0001,300,32,datasets/7-5/train/reg/ds_dti_pw_1_ec_train_reg_10.csv,
11,11,11,4,498,0.2,relu,0.01,300,128,datasets/7-5/train/reg/ds_dti_pw_1_ec_train_reg_10.csv,
11,11,11,1,120,0.0,tanh,0.01,300,128,datasets/7-5/train/reg/ds_dti_pw_1_ec_train_reg_10.csv,
11,11,11,2,302,0.4,relu,0.0001,300,64,datasets/7-5/train/reg/ds_dti_pw_1_ec_train_reg_10.csv,
11,11,11,3,178,0.4,relu,0.0001,300,128,datasets/7-5/train/reg/ds_dti_pw_1_ec_train_reg_10.csv,
11,11,11,1,300,0.0,tanh,0.0001,300,64,datasets/7-5/train/reg/ds_dti_pw_1_ec_train_reg_10.csv,
11,11,11,1,266,0.2,sigmoid,0.0001,300,64,datasets/7-5/train/reg/ds_dti_pw_1_ec_train_reg_10.csv,
11,11,11,3,354,0.0,sigmoid,0.001,300,128,datasets/7-5/train/reg/ds_dti_pw_1_ec_train_reg_10.csv,
11,11,11,2,230,0.0,sigmoid,0.001,300,128,datasets/7-5/train/reg/ds_dti_pw_1_ec_train_reg_10.csv,
11,11,11,3,183,0.2,tanh,0.0001,300,32,datasets/7-5/train/reg/ds_dti_pw_1_ec_train_reg_10.csv,
11,11,11,1,285,0.4,relu,0.001,300,64,datasets/7-5/train/reg/ds_dti_pw_1_ec_train_reg_10.csv,
11,11,11,3,52,0.0,relu,0.01,300,32,datasets/7-5/train/reg/ds_dti_pw_1_ec_train_reg_10.csv,
11,11,11,2,213,0.4,tanh,0.001,300,128,datasets/7-5/train/reg/ds_dti_pw_1_ec_train_reg_10.csv,
11,11,11,4,47,0.4,tanh,0.0001,300,32,datasets/7-5/train/reg/ds_dti_pw_1_ec_train_reg_10.csv,
11,11,11,3,431,0.4,sigmoid,0.001,300,128,datasets/7-5/train/reg/ds_dti_pw_1_ec_train_reg_10.csv,
11,11,11,1,487,0.2,relu,0.001,300,128,datasets/7-5/train/reg/ds_dti_pw_1_ec_train_reg_10.csv,
11,11,11,2,371,0.4,tanh,0.001,300,128,datasets/7-5/train/reg/ds_dti_pw_1_ec_train_reg_10.csv,
11,11,11,3,323,0.0,sigmoid,0.0001,300,32,datasets/7-5/train/reg/ds_dti_pw_1_ec_train_reg_10.csv,
11,11,11,3,178,0.2,relu,0.01,300,64,datasets/7-5/train/reg/ds_dti_pw_1_ec_train_reg_10.csv,
11,11,11,1,435,0.0,relu,0.001,300,32,datasets/7-5/train/reg/ds_dti_pw_1_ec_train_reg_10.csv,
11,11,11,4,489,0.2,tanh,0.01,300,32,datasets/7-5/train/reg/ds_dti_pw_1_ec_train_reg_10.csv,
11,11,11,1,79,0.0,sigmoid,0.001,300,128,datasets/7-5/train/reg/ds_dti_pw_1_ec_train_reg_10.csv,
11,11,11,1,489,0.0,tanh,0.001,300,32,datasets/7-5/train/reg/ds_dti_pw_1_ec_train_reg_10.csv,
11,11,11,2,484,0.2,sigmoid,0.0001,300,64,datasets/7-5/train/reg/ds_dti_pw_1_ec_train_reg_10.csv,
11,11,11,3,462,0.2,tanh,0.001,300,128,datasets/7-5/train/reg/ds_dti_pw_1_ec_train_reg_10.csv,
11,11,11,3,302,0.0,tanh,0.0001,300,128,datasets/7-5/train/reg/ds_dti_pw_1_ec_train_reg_10.csv,
11,11,11,4,438,0.4,sigmoid,0.01,300,128,datasets/7-5/train/reg/ds_dti_pw_1_ec_train_reg_10.csv,
11,11,11,4,423,0.4,relu,0.001,300,64,datasets/7-5/train/reg/ds_dti_pw_1_ec_train_reg_10.csv,
11,11,11,2,262,0.2,relu,0.001,300,32,datasets/7-5/train/reg/ds_dti_pw_1_ec_train_reg_10.csv,
11,11,11,4,130,0.4,relu,0.01,300,32,datasets/7-5/train/reg/ds_dti_pw_1_ec_train_reg_10.csv,
11,11,11,3,154,0.2,sigmoid,0.001,300,32,datasets/7-5/train/reg/ds_dti_pw_1_ec_train_reg_10.csv,
11,11,11,4,30,0.0,tanh,0.01,300,64,datasets/7-5/train/reg/ds_dti_pw_1_ec_train_reg_10.csv,
11,11,11,1,275,0.4,tanh,0.0001,300,32,datasets/7-5/train/reg/ds_dti_pw_1_ec_train_reg_10.csv,
11,11,11,3,369,0.2,relu,0.001,300,128,datasets/7-5/train/reg/ds_dti_pw_1_ec_train_reg_10.csv,
11,11,11,2,21,0.4,sigmoid,0.001,300,64,datasets/7-5/train/reg/ds_dti_pw_1_ec_train_reg_10.csv,
11,11,11,2,268,0.0,tanh,0.001,300,64,datasets/7-5/train/reg/ds_dti_pw_1_ec_train_reg_10.csv,
11,11,11,4,186,0.2,tanh,0.001,300,64,datasets/7-5/train/reg/ds_dti_pw_1_ec_train_reg_10.csv,
11,11,11,1,378,0.0,tanh,0.0001,300,128,datasets/7-5/train/reg/ds_dti_pw_1_ec_train_reg_10.csv,
11,11,11,3,214,0.2,relu,0.001,300,32,datasets/7-5/train/reg/ds_dti_pw_1_ec_train_reg_10.csv,
11,11,11,4,58,0.2,tanh,0.001,300,64,datasets/7-5/train/reg/ds_dti_pw_1_ec_train_reg_10.csv,
11,11,11,4,376,0.4,tanh,0.001,300,128,datasets/7-5/train/reg/ds_dti_pw_1_ec_train_reg_10.csv,
11,11,11,2,373,0.2,tanh,0.001,300,32,datasets/7-5/train/reg/ds_dti_pw_1_ec_train_reg_10.csv,
11,11,11,4,149,0.4,relu,0.01,300,64,datasets/7-5/train/reg/ds_dti_pw_1_ec_train_reg_10.csv,
11,11,11,3,165,0.0,sigmoid,0.001,300,64,datasets/7-5/train/reg/ds_dti_pw_1_ec_train_reg_10.csv,
11,11,11,4,138,0.0,sigmoid,0.01,300,32,datasets/7-5/train/reg/ds_dti_pw_1_ec_train_reg_10.csv,
11,11,11,2,227,0.2,tanh,0.01,300,64,datasets/7-5/train/reg/ds_dti_pw_1_ec_train_reg_10.csv,
11,11,11,4,132,0.2,tanh,0.01,300,128,datasets/7-5/train/reg/ds_dti_pw_1_ec_train_reg_10.csv,
11,11,11,2,474,0.4,tanh,0.001,300,32,datasets/7-5/train/reg/ds_dti_pw_1_ec_train_reg_10.csv,
11,11,11,2,56,0.2,sigmoid,0.0001,300,128,datasets/7-5/train/reg/ds_dti_pw_1_ec_train_reg_10.csv,
11,11,11,4,202,0.0,relu,0.01,300,128,datasets/7-5/train/reg/ds_dti_pw_1_ec_train_reg_10.csv,
11,11,11,1,47,0.0,sigmoid,0.01,300,128,datasets/7-5/train/reg/ds_dti_pw_1_ec_train_reg_10.csv,
11,11,11,3,122,0.4,sigmoid,0.0001,300,32,datasets/7-5/train/reg/ds_dti_pw_1_ec_train_reg_10.csv,
11,11,11,2,214,0.4,tanh,0.001,300,64,datasets/7-5/train/reg/ds_dti_pw_1_ec_train_reg_10.csv,
11,11,11,4,310,0.2,sigmoid,0.0001,300,64,datasets/7-5/train/reg/ds_dti_pw_1_ec_train_reg_10.csv,
11,11,11,4,241,0.4,sigmoid,0.0001,300,128,datasets/7-5/train/reg/ds_dti_pw_1_ec_train_reg_10.csv,
11,11,11,1,94,0.2,tanh,0.001,300,128,datasets/7-5/train/reg/ds_dti_pw_1_ec_train_reg_10.csv,
11,11,11,2,240,0.2,tanh,0.001,300,128,datasets/7-5/train/reg/ds_dti_pw_1_ec_train_reg_10.csv,
11,11,11,4,343,0.2,sigmoid,0.001,300,32,datasets/7-5/train/reg/ds_dti_pw_1_ec_train_reg_10.csv,
11,11,11,3,353,0.2,relu,0.001,300,64,datasets/7-5/train/reg/ds_dti_pw_1_ec_train_reg_10.csv,
11,11,11,1,426,0.0,relu,0.0001,300,128,datasets/7-5/train/reg/ds_dti_pw_1_ec_train_reg_10.csv,
11,11,11,4,421,0.4,tanh,0.001,300,128,datasets/7-5/train/reg/ds_dti_pw_1_ec_train_reg_10.csv,
11,11,11,2,57,0.4,relu,0.001,300,128,datasets/7-5/train/reg/ds_dti_pw_1_ec_train_reg_10.csv,
11,11,11,2,235,0.0,tanh,0.001,300,64,datasets/7-5/train/reg/ds_dti_pw_1_ec_train_reg_10.csv,
11,11,11,1,99,0.2,relu,0.001,300,64,datasets/7-5/train/reg/ds_dti_pw_1_ec_train_reg_10.csv,
11,11,11,2,69,0.4,sigmoid,0.0001,300,64,datasets/7-5/train/reg/ds_dti_pw_1_ec_train_reg_10.csv,
11,11,11,1,310,0.0,sigmoid,0.0001,300,32,datasets/7-5/train/reg/ds_dti_pw_1_ec_train_reg_10.csv,
11,11,11,1,57,0.0,sigmoid,0.001,300,64,datasets/7-5/train/reg/ds_dti_pw_1_ec_train_reg_10.csv,
11,11,11,4,66,0.2,sigmoid,0.001,300,32,datasets/7-5/train/reg/ds_dti_pw_1_ec_train_reg_10.csv,
11,11,11,2,388,0.0,relu,0.01,300,32,datasets/7-5/train/reg/ds_dti_pw_1_ec_train_reg_10.csv,
11,11,11,4,206,0.0,tanh,0.01,300,32,datasets/7-5/train/reg/ds_dti_pw_1_ec_train_reg_10.csv,
11,11,11,3,420,0.0,relu,0.0001,300,64,datasets/7-5/train/reg/ds_dti_pw_1_ec_train_reg_10.csv,
11,11,11,3,406,0.4,tanh,0.0001,300,64,datasets/7-5/train/reg/ds_dti_pw_1_ec_train_reg_10.csv,
11,11,11,2,459,0.4,relu,0.001,300,128,datasets/7-5/train/reg/ds_dti_pw_1_ec_train_reg_10.csv,
11,11,11,4,217,0.2,sigmoid,0.01,300,128,datasets/7-5/train/reg/ds_dti_pw_1_ec_train_reg_10.csv,
11,11,11,1,20,0.2,tanh,0.0001,300,32,datasets/7-5/train/reg/ds_dti_pw_1_ec_train_reg_10.csv,
11,11,11,1,362,0.4,tanh,0.0001,300,128,datasets/7-5/train/reg/ds_dti_pw_1_ec_train_reg_10.csv,
11,11,11,4,461,0.0,relu,0.001,300,32,datasets/7-5/train/reg/ds_dti_pw_1_ec_train_reg_10.csv,
11,11,11,1,496,0.2,tanh,0.001,300,128,datasets/7-5/train/reg/ds_dti_pw_1_ec_train_reg_10.csv,
11,11,11,4,430,0.0,relu,0.01,300,64,datasets/7-5/train/reg/ds_dti_pw_1_ec_train_reg_10.csv,
11,11,11,2,73,0.4,sigmoid,0.001,300,128,datasets/7-5/train/reg/ds_dti_pw_1_ec_train_reg_10.csv,
11,11,11,3,205,0.2,relu,0.0001,300,32,datasets/7-5/train/reg/ds_dti_pw_1_ec_train_reg_10.csv,
11,11,11,1,426,0.4,relu,0.001,300,32,datasets/7-5/train/reg/ds_dti_pw_1_ec_train_reg_10.csv,
11,11,11,2,221,0.2,tanh,0.0001,300,128,datasets/7-5/train/reg/ds_dti_pw_1_ec_train_reg_10.csv,
11,11,11,2,298,0.2,tanh,0.001,300,64,datasets/7-5/train/reg/ds_dti_pw_1_ec_train_reg_10.csv,
11,11,11,2,215,0.0,tanh,0.0001,300,64,datasets/7-5/train/reg/ds_dti_pw_1_ec_train_reg_10.csv,
11,11,11,4,484,0.0,relu,0.01,300,32,datasets/7-5/train/reg/ds_dti_pw_1_ec_train_reg_10.csv,
11,11,11,4,399,0.0,relu,0.01,300,64,datasets/7-5/train/reg/ds_dti_pw_1_ec_train_reg_10.csv,
11,11,11,2,328,0.0,relu,0.01,300,128,datasets/7-5/train/reg/ds_dti_pw_1_ec_train_reg_10.csv,
11,11,11,4,245,0.2,sigmoid,0.001,300,128,datasets/7-5/train/reg/ds_dti_pw_1_ec_train_reg_10.csv,
11,11,11,1,212,0.2,sigmoid,0.0001,300,32,datasets/7-5/train/reg/ds_dti_pw_1_ec_train_reg_10.csv,
11,11,11,3,68,0.0,tanh,0.01,300,64,datasets/7-5/train/reg/ds_dti_pw_1_ec_train_reg_10.csv,
11,11,11,2,235,0.2,tanh,0.01,300,128,datasets/7-5/train/reg/ds_dti_pw_1_ec_train_reg_10.csv,
11,11,11,3,453,0.2,sigmoid,0.0001,300,32,datasets/7-5/train/reg/ds_dti_pw_1_ec_train_reg_10.csv,
11,11,11,2,96,0.4,tanh,0.01,300,32,datasets/7-5/train/reg/ds_dti_pw_1_ec_train_reg_10.csv,
11,11,11,4,99,0.0,tanh,0.0001,300,32,datasets/7-5/train/reg/ds_dti_pw_1_ec_train_reg_10.csv,
11,11,11,1,176,0.4,sigmoid,0.01,300,128,datasets/7-5/train/reg/ds_dti_pw_1_ec_train_reg_10.csv,
11,11,11,1,192,0.4,tanh,0.001,300,64,datasets/7-5/train/reg/ds_dti_pw_1_ec_train_reg_10.csv,
11,11,11,3,205,0.0,relu,0.01,300,128,datasets/7-5/train/reg/ds_dti_pw_1_ec_train_reg_10.csv,
11,11,11,2,238,0.2,relu,0.0001,300,64,datasets/7-5/train/reg/ds_dti_pw_1_ec_train_reg_10.csv,
11,11,11,4,382,0.4,relu,0.001,300,32,datasets/7-5/train/reg/ds_dti_pw_1_ec_train_reg_10.csv,
11,11,11,1,324,0.4,tanh,0.01,300,64,datasets/7-5/train/reg/ds_dti_pw_1_ec_train_reg_10.csv,
11,11,11,2,26,0.4,sigmoid,0.001,300,128,datasets/7-5/train/reg/ds_dti_pw_1_ec_train_reg_10.csv,
11,11,11,4,365,0.2,tanh,0.001,300,128,datasets/7-5/train/reg/ds_dti_pw_1_ec_train_reg_10.csv,
11,11,11,2,174,0.0,relu,0.01,300,32,datasets/7-5/train/reg/ds_dti_pw_1_ec_train_reg_10.csv,
11,11,11,3,437,0.2,tanh,0.0001,300,128,datasets/7-5/train/reg/ds_dti_pw_1_ec_train_reg_10.csv,
11,11,11,4,265,0.2,sigmoid,0.01,300,64,datasets/7-5/train/reg/ds_dti_pw_1_ec_train_reg_10.csv,
11,11,11,3,354,0.4,sigmoid,0.0001,300,64,datasets/7-5/train/reg/ds_dti_pw_1_ec_train_reg_10.csv,
11,11,11,3,18,0.0,relu,0.0001,300,64,datasets/7-5/train/reg/ds_dti_pw_1_ec_train_reg_10.csv,
11,11,11,2,312,0.2,sigmoid,0.001,300,64,datasets/7-5/train/reg/ds_dti_pw_1_ec_train_reg_10.csv,
11,11,11,2,493,0.4,relu,0.0001,300,32,datasets/7-5/train/reg/ds_dti_pw_1_ec_train_reg_10.csv,
11,11,11,1,307,0.2,relu,0.0001,300,64,datasets/7-5/train/reg/ds_dti_pw_1_ec_train_reg_10.csv,
11,11,11,3,349,0.2,relu,0.01,300,32,datasets/7-5/train/reg/ds_dti_pw_1_ec_train_reg_10.csv,
11,11,11,4,253,0.2,relu,0.001,300,64,datasets/7-5/train/reg/ds_dti_pw_1_ec_train_reg_10.csv,
11,11,11,4,186,0.4,relu,0.0001,300,128,datasets/7-5/train/reg/ds_dti_pw_1_ec_train_reg_10.csv,
11,11,11,1,131,0.4,tanh,0.01,300,128,datasets/7-5/train/reg/ds_dti_pw_1_ec_train_reg_10.csv,
11,11,11,2,311,0.4,sigmoid,0.0001,300,128,datasets/7-5/train/reg/ds_dti_pw_1_ec_train_reg_10.csv,
11,11,11,3,392,0.4,tanh,0.01,300,64,datasets/7-5/train/reg/ds_dti_pw_1_ec_train_reg_10.csv,
11,11,11,4,348,0.2,tanh,0.0001,300,32,datasets/7-5/train/reg/ds_dti_pw_1_ec_train_reg_10.csv,
11,11,11,4,489,0.2,sigmoid,0.01,300,32,datasets/7-5/train/reg/ds_dti_pw_1_ec_train_reg_10.csv,
11,11,11,1,360,0.0,sigmoid,0.01,300,128,datasets/7-5/train/reg/ds_dti_pw_1_ec_train_reg_10.csv,
11,11,11,2,430,0.2,relu,0.0001,300,128,datasets/7-5/train/reg/ds_dti_pw_1_ec_train_reg_10.csv,
11,11,11,1,215,0.0,sigmoid,0.001,300,32,datasets/7-5/train/reg/ds_dti_pw_1_ec_train_reg_10.csv,
11,11,11,4,454,0.0,relu,0.001,300,128,datasets/7-5/train/reg/ds_dti_pw_1_ec_train_reg_10.csv,
11,11,11,3,173,0.4,relu,0.01,300,128,datasets/7-5/train/reg/ds_dti_pw_1_ec_train_reg_10.csv,
11,11,11,2,125,0.2,relu,0.001,300,128,datasets/7-5/train/reg/ds_dti_pw_1_ec_train_reg_10.csv,
11,11,11,3,404,0.0,tanh,0.0001,300,32,datasets/7-5/train/reg/ds_dti_pw_1_ec_train_reg_10.csv,
11,11,11,1,457,0.2,relu,0.01,300,64,datasets/7-5/train/reg/ds_dti_pw_1_ec_train_reg_10.csv,
11,11,11,4,318,0.4,tanh,0.0001,300,128,datasets/7-5/train/reg/ds_dti_pw_1_ec_train_reg_10.csv,
11,11,11,2,216,0.4,tanh,0.0001,300,32,datasets/7-5/train/reg/ds_dti_pw_1_ec_train_reg_10.csv,
11,11,11,3,260,0.0,relu,0.01,300,64,datasets/7-5/train/reg/ds_dti_pw_1_ec_train_reg_10.csv,
11,11,11,2,350,0.2,tanh,0.001,300,128,datasets/7-5/train/reg/ds_dti_pw_1_ec_train_reg_10.csv,
11,11,11,4,208,0.2,sigmoid,0.01,300,32,datasets/7-5/train/reg/ds_dti_pw_1_ec_train_reg_10.csv,
11,11,11,1,226,0.0,sigmoid,0.01,300,64,datasets/7-5/train/reg/ds_dti_pw_1_ec_train_reg_10.csv,
11,11,11,2,17,0.4,tanh,0.0001,300,128,datasets/7-5/train/reg/ds_dti_pw_1_ec_train_reg_10.csv,
11,11,11,4,204,0.0,tanh,0.0001,300,32,datasets/7-5/train/reg/ds_dti_pw_1_ec_train_reg_10.csv,
11,11,11,3,450,0.4,relu,0.001,300,128,datasets/7-5/train/reg/ds_dti_pw_1_ec_train_reg_10.csv,
11,11,11,3,238,0.2,relu,0.001,300,32,datasets/7-5/train/reg/ds_dti_pw_1_ec_train_reg_10.csv,
11,11,11,3,104,0.0,tanh,0.001,300,32,datasets/7-5/train/reg/ds_dti_pw_1_ec_train_reg_10.csv,
11,11,11,2,202,0.4,relu,0.01,300,128,datasets/7-5/train/reg/ds_dti_pw_1_ec_train_reg_10.csv,
11,11,11,3,158,0.2,tanh,0.0001,300,64,datasets/7-5/train/reg/ds_dti_pw_1_ec_train_reg_10.csv,
11,11,11,1,118,0.0,relu,0.0001,300,128,datasets/7-5/train/reg/ds_dti_pw_1_ec_train_reg_10.csv,
11,11,11,3,430,0.2,relu,0.0001,300,32,datasets/7-5/train/reg/ds_dti_pw_1_ec_train_reg_10.csv,
11,11,11,4,399,0.2,tanh,0.01,300,32,datasets/7-5/train/reg/ds_dti_pw_1_ec_train_reg_10.csv,
11,11,11,1,68,0.2,sigmoid,0.001,300,64,datasets/7-5/train/reg/ds_dti_pw_1_ec_train_reg_10.csv,
11,11,11,1,155,0.2,sigmoid,0.0001,300,64,datasets/7-5/train/reg/ds_dti_pw_1_ec_train_reg_10.csv,
11,11,11,1,62,0.2,tanh,0.01,300,32,datasets/7-5/train/reg/ds_dti_pw_1_ec_train_reg_10.csv,
11,11,11,3,61,0.4,relu,0.01,300,64,datasets/7-5/train/reg/ds_dti_pw_1_ec_train_reg_10.csv,
11,11,11,4,360,0.0,tanh,0.0001,300,128,datasets/7-5/train/reg/ds_dti_pw_1_ec_train_reg_10.csv,
11,11,11,2,379,0.4,tanh,0.0001,300,128,datasets/7-5/train/reg/ds_dti_pw_1_ec_train_reg_10.csv,
11,11,11,3,384,0.0,relu,0.01,300,128,datasets/7-5/train/reg/ds_dti_pw_1_ec_train_reg_10.csv,
11,11,11,1,296,0.4,tanh,0.0001,300,32,datasets/7-5/train/reg/ds_dti_pw_1_ec_train_reg_10.csv,
11,11,11,1,117,0.2,relu,0.0001,300,64,datasets/7-5/train/reg/ds_dti_pw_1_ec_train_reg_10.csv,
11,11,11,1,426,0.4,relu,0.001,300,128,datasets/7-5/train/reg/ds_dti_pw_1_ec_train_reg_10.csv,
11,11,11,2,91,0.4,sigmoid,0.01,300,128,datasets/7-5/train/reg/ds_dti_pw_1_ec_train_reg_10.csv,
11,11,11,2,433,0.0,tanh,0.01,300,32,datasets/7-5/train/reg/ds_dti_pw_1_ec_train_reg_10.csv,
11,11,11,2,220,0.4,tanh,0.0001,300,32,datasets/7-5/train/reg/ds_dti_pw_1_ec_train_reg_10.csv,
11,11,11,2,390,0.4,tanh,0.01,300,64,datasets/7-5/train/reg/ds_dti_pw_1_ec_train_reg_10.csv,
11,11,11,3,314,0.2,tanh,0.01,300,128,datasets/7-5/train/reg/ds_dti_pw_1_ec_train_reg_10.csv,
11,11,11,4,438,0.2,relu,0.01,300,64,datasets/7-5/train/reg/ds_dti_pw_1_ec_train_reg_10.csv,
11,11,11,1,465,0.2,sigmoid,0.0001,300,128,datasets/7-5/train/reg/ds_dti_pw_1_ec_train_reg_10.csv,
11,11,11,4,62,0.0,relu,0.0001,300,64,datasets/7-5/train/reg/ds_dti_pw_1_ec_train_reg_10.csv,
11,11,11,4,420,0.0,sigmoid,0.01,300,32,datasets/7-5/train/reg/ds_dti_pw_1_ec_train_reg_10.csv,
11,11,11,2,28,0.4,sigmoid,0.0001,300,128,datasets/7-5/train/reg/ds_dti_pw_1_ec_train_reg_10.csv,
11,11,11,4,387,0.4,sigmoid,0.01,300,32,datasets/7-5/train/reg/ds_dti_pw_1_ec_train_reg_10.csv,
11,11,11,2,214,0.2,tanh,0.01,300,64,datasets/7-5/train/reg/ds_dti_pw_1_ec_train_reg_10.csv,
11,11,11,3,234,0.0,relu,0.001,300,32,datasets/7-5/train/reg/ds_dti_pw_1_ec_train_reg_10.csv,
11,11,11,2,208,0.2,relu,0.001,300,64,datasets/7-5/train/reg/ds_dti_pw_1_ec_train_reg_10.csv,
11,11,11,4,156,0.4,relu,0.0001,300,64,datasets/7-5/train/reg/ds_dti_pw_1_ec_train_reg_10.csv,
11,11,11,2,207,0.4,tanh,0.0001,300,128,datasets/7-5/train/reg/ds_dti_pw_1_ec_train_reg_10.csv,
11,11,11,2,288,0.0,tanh,0.01,300,32,datasets/7-5/train/reg/ds_dti_pw_1_ec_train_reg_10.csv,
11,11,11,2,439,0.0,relu,0.0001,300,32,datasets/7-5/train/reg/ds_dti_pw_1_ec_train_reg_10.csv,
11,11,11,3,489,0.0,relu,0.0001,300,64,datasets/7-5/train/reg/ds_dti_pw_1_ec_train_reg_10.csv,
11,11,11,3,208,0.4,sigmoid,0.001,300,128,datasets/7-5/train/reg/ds_dti_pw_1_ec_train_reg_10.csv,
11,11,11,2,485,0.4,relu,0.0001,300,64,datasets/7-5/train/reg/ds_dti_pw_1_ec_train_reg_10.csv,
11,11,11,3,67,0.2,sigmoid,0.01,300,128,datasets/7-5/train/reg/ds_dti_pw_1_ec_train_reg_10.csv,
11,11,11,3,183,0.4,relu,0.0001,300,128,datasets/7-5/train/reg/ds_dti_pw_1_ec_train_reg_10.csv,
11,11,11,1,41,0.0,sigmoid,0.01,300,32,datasets/7-5/train/reg/ds_dti_pw_1_ec_train_reg_10.csv,
11,11,11,3,152,0.2,relu,0.0001,300,32,datasets/7-5/train/reg/ds_dti_pw_1_ec_train_reg_10.csv,
11,11,11,2,136,0.0,sigmoid,0.0001,300,128,datasets/7-5/train/reg/ds_dti_pw_1_ec_train_reg_10.csv,
11,11,11,2,304,0.2,tanh,0.001,300,128,datasets/7-5/train/reg/ds_dti_pw_1_ec_train_reg_10.csv,
11,11,11,4,358,0.2,relu,0.0001,300,64,datasets/7-5/train/reg/ds_dti_pw_1_ec_train_reg_10.csv,
11,11,11,2,189,0.0,relu,0.0001,300,64,datasets/7-5/train/reg/ds_dti_pw_1_ec_train_reg_10.csv,
11,11,11,4,102,0.4,tanh,0.0001,300,128,datasets/7-5/train/reg/ds_dti_pw_1_ec_train_reg_10.csv,
11,11,11,3,301,0.4,relu,0.01,300,128,datasets/7-5/train/reg/ds_dti_pw_1_ec_train_reg_10.csv,
11,11,11,3,200,0.2,relu,0.01,300,64,datasets/7-5/train/reg/ds_dti_pw_1_ec_train_reg_10.csv,
11,11,11,1,58,0.0,tanh,0.0001,300,32,datasets/7-5/train/reg/ds_dti_pw_1_ec_train_reg_10.csv,
11,11,11,4,478,0.2,sigmoid,0.001,300,128,datasets/7-5/train/reg/ds_dti_pw_1_ec_train_reg_10.csv,
11,11,11,4,60,0.4,tanh,0.01,300,128,datasets/7-5/train/reg/ds_dti_pw_1_ec_train_reg_10.csv,
11,11,11,1,471,0.4,sigmoid,0.001,300,64,datasets/7-5/train/reg/ds_dti_pw_1_ec_train_reg_10.csv,
11,11,11,4,137,0.0,relu,0.001,300,64,datasets/7-5/train/reg/ds_dti_pw_1_ec_train_reg_10.csv,
11,11,11,1,461,0.0,tanh,0.01,300,32,datasets/7-5/train/reg/ds_dti_pw_1_ec_train_reg_10.csv,
11,11,11,2,456,0.2,sigmoid,0.001,300,32,datasets/7-5/train/reg/ds_dti_pw_1_ec_train_reg_10.csv,
11,11,11,4,465,0.4,tanh,0.01,300,64,datasets/7-5/train/reg/ds_dti_pw_1_ec_train_reg_10.csv,
11,11,11,4,161,0.0,relu,0.0001,300,64,datasets/7-5/train/reg/ds_dti_pw_1_ec_train_reg_10.csv,
11,11,11,1,134,0.4,relu,0.001,300,32,datasets/7-5/train/reg/ds_dti_pw_1_ec_train_reg_10.csv,
11,11,11,4,458,0.0,sigmoid,0.01,300,64,datasets/7-5/train/reg/ds_dti_pw_1_ec_train_reg_10.csv,
11,11,11,3,123,0.0,tanh,0.0001,300,64,datasets/7-5/train/reg/ds_dti_pw_1_ec_train_reg_10.csv,
11,11,11,1,183,0.4,sigmoid,0.01,300,32,datasets/7-5/train/reg/ds_dti_pw_1_ec_train_reg_10.csv,
11,11,11,2,51,0.4,relu,0.01,300,32,datasets/7-5/train/reg/ds_dti_pw_1_ec_train_reg_10.csv,
11,11,11,2,59,0.0,sigmoid,0.01,300,128,datasets/7-5/train/reg/ds_dti_pw_1_ec_train_reg_10.csv,
11,11,11,1,401,0.0,tanh,0.0001,300,32,datasets/7-5/train/reg/ds_dti_pw_1_ec_train_reg_10.csv,
11,11,11,2,421,0.0,sigmoid,0.001,300,64,datasets/7-5/train/reg/ds_dti_pw_1_ec_train_reg_10.csv,
11,11,11,4,165,0.0,tanh,0.01,300,64,datasets/7-5/train/reg/ds_dti_pw_1_ec_train_reg_10.csv,
11,11,11,4,331,0.0,tanh,0.0001,300,32,datasets/7-5/train/reg/ds_dti_pw_1_ec_train_reg_10.csv,
11,11,11,3,283,0.0,sigmoid,0.001,300,128,datasets/7-5/train/reg/ds_dti_pw_1_ec_train_reg_10.csv,
11,11,11,1,333,0.4,sigmoid,0.01,300,128,datasets/7-5/train/reg/ds_dti_pw_1_ec_train_reg_10.csv,
11,11,11,3,242,0.0,relu,0.01,300,64,datasets/7-5/train/reg/ds_dti_pw_1_ec_train_reg_10.csv,
11,11,11,2,411,0.0,sigmoid,0.0001,300,64,datasets/7-5/train/reg/ds_dti_pw_1_ec_train_reg_10.csv,
11,11,11,2,194,0.2,sigmoid,0.01,300,32,datasets/7-5/train/reg/ds_dti_pw_1_ec_train_reg_10.csv,
11,11,11,3,181,0.0,tanh,0.0001,300,64,datasets/7-5/train/reg/ds_dti_pw_1_ec_train_reg_10.csv,
11,11,11,3,437,0.0,tanh,0.001,300,32,datasets/7-5/train/reg/ds_dti_pw_1_ec_train_reg_10.csv,
11,11,11,1,283,0.0,tanh,0.001,300,64,datasets/7-5/train/reg/ds_dti_pw_1_ec_train_reg_10.csv,
11,11,11,2,191,0.4,tanh,0.0001,300,64,datasets/7-5/train/reg/ds_dti_pw_1_ec_train_reg_10.csv,
11,11,11,3,346,0.4,relu,0.001,300,32,datasets/7-5/train/reg/ds_dti_pw_1_ec_train_reg_10.csv,
11,11,11,3,119,0.2,tanh,0.001,300,64,datasets/7-5/train/reg/ds_dti_pw_1_ec_train_reg_10.csv,
11,11,11,1,167,0.2,relu,0.001,300,32,datasets/7-5/train/reg/ds_dti_pw_1_ec_train_reg_10.csv,
11,11,11,1,450,0.2,tanh,0.0001,300,32,datasets/7-5/train/reg/ds_dti_pw_1_ec_train_reg_10.csv,
11,11,11,4,237,0.4,relu,0.01,300,32,datasets/7-5/train/reg/ds_dti_pw_1_ec_train_reg_10.csv,
11,11,11,4,336,0.2,sigmoid,0.01,300,32,datasets/7-5/train/reg/ds_dti_pw_1_ec_train_reg_10.csv,
11,11,11,3,43,0.2,sigmoid,0.001,300,64,datasets/7-5/train/reg/ds_dti_pw_1_ec_train_reg_10.csv,
11,11,11,1,448,0.0,tanh,0.001,300,64,datasets/7-5/train/reg/ds_dti_pw_1_ec_train_reg_10.csv,
11,11,11,3,29,0.0,tanh,0.001,300,128,datasets/7-5/train/reg/ds_dti_pw_1_ec_train_reg_10.csv,
11,11,11,4,225,0.2,relu,0.001,300,64,datasets/7-5/train/reg/ds_dti_pw_1_ec_train_reg_10.csv,
11,11,11,2,392,0.2,relu,0.01,300,32,datasets/7-5/train/reg/ds_dti_pw_1_ec_train_reg_10.csv,
11,11,11,3,125,0.4,tanh,0.01,300,64,datasets/7-5/train/reg/ds_dti_pw_1_ec_train_reg_10.csv,
11,11,11,1,257,0.2,sigmoid,0.001,300,128,datasets/7-5/train/reg/ds_dti_pw_1_ec_train_reg_10.csv,
11,11,11,3,243,0.2,sigmoid,0.0001,300,32,datasets/7-5/train/reg/ds_dti_pw_1_ec_train_reg_10.csv,
11,11,11,2,476,0.0,tanh,0.01,300,128,datasets/7-5/train/reg/ds_dti_pw_1_ec_train_reg_10.csv,
11,11,11,3,23,0.2,relu,0.0001,300,64,datasets/7-5/train/reg/ds_dti_pw_1_ec_train_reg_10.csv,
11,11,11,2,413,0.4,relu,0.01,300,128,datasets/7-5/train/reg/ds_dti_pw_1_ec_train_reg_10.csv,
11,11,11,1,241,0.0,relu,0.001,300,64,datasets/7-5/train/reg/ds_dti_pw_1_ec_train_reg_10.csv,
11,11,11,4,499,0.2,tanh,0.01,300,128,datasets/7-5/train/reg/ds_dti_pw_1_ec_train_reg_10.csv,
11,11,11,3,147,0.0,relu,0.001,300,32,datasets/7-5/train/reg/ds_dti_pw_1_ec_train_reg_10.csv,
11,11,11,2,410,0.4,relu,0.0001,300,128,datasets/7-5/train/reg/ds_dti_pw_1_ec_train_reg_10.csv,
11,11,11,2,468,0.0,relu,0.01,300,128,datasets/7-5/train/reg/ds_dti_pw_1_ec_train_reg_10.csv,
11,11,11,4,77,0.4,tanh,0.001,300,128,datasets/7-5/train/reg/ds_dti_pw_1_ec_train_reg_10.csv,
11,11,11,4,347,0.0,tanh,0.01,300,64,datasets/7-5/train/reg/ds_dti_pw_1_ec_train_reg_10.csv,
11,11,11,1,181,0.2,sigmoid,0.01,300,64,datasets/7-5/train/reg/ds_dti_pw_1_ec_train_reg_10.csv,
11,11,11,3,290,0.0,tanh,0.001,300,32,datasets/7-5/train/reg/ds_dti_pw_1_ec_train_reg_10.csv,
11,11,11,3,383,0.4,sigmoid,0.0001,300,64,datasets/7-5/train/reg/ds_dti_pw_1_ec_train_reg_10.csv,
11,11,11,4,392,0.4,sigmoid,0.01,300,64,datasets/7-5/train/reg/ds_dti_pw_1_ec_train_reg_10.csv,
11,11,11,2,104,0.4,sigmoid,0.01,300,64,datasets/7-5/train/reg/ds_dti_pw_1_ec_train_reg_10.csv,
11,11,11,2,98,0.4,sigmoid,0.01,300,128,datasets/7-5/train/reg/ds_dti_pw_1_ec_train_reg_10.csv,
11,11,11,4,257,0.4,tanh,0.001,300,128,datasets/7-5/train/reg/ds_dti_pw_1_ec_train_reg_10.csv,
11,11,11,1,323,0.4,sigmoid,0.01,300,32,datasets/7-5/train/reg/ds_dti_pw_1_ec_train_reg_10.csv,
11,11,11,3,104,0.0,relu,0.001,300,64,datasets/7-5/train/reg/ds_dti_pw_1_ec_train_reg_10.csv,
11,11,11,3,253,0.4,sigmoid,0.01,300,128,datasets/7-5/train/reg/ds_dti_pw_1_ec_train_reg_10.csv,
11,11,11,2,236,0.2,sigmoid,0.001,300,32,datasets/7-5/train/reg/ds_dti_pw_1_ec_train_reg_10.csv,
11,11,11,1,122,0.2,relu,0.01,300,32,datasets/7-5/train/reg/ds_dti_pw_1_ec_train_reg_10.csv,
11,11,11,3,492,0.4,sigmoid,0.01,300,128,datasets/7-5/train/reg/ds_dti_pw_1_ec_train_reg_10.csv,
11,11,11,4,71,0.0,relu,0.001,300,64,datasets/7-5/train/reg/ds_dti_pw_1_ec_train_reg_10.csv,
11,11,11,4,497,0.2,tanh,0.0001,300,32,datasets/7-5/train/reg/ds_dti_pw_1_ec_train_reg_10.csv,
11,11,11,1,135,0.2,relu,0.0001,300,32,datasets/7-5/train/reg/ds_dti_pw_1_ec_train_reg_10.csv,
11,11,11,2,190,0.2,sigmoid,0.0001,300,64,datasets/7-5/train/reg/ds_dti_pw_1_ec_train_reg_10.csv,
11,11,11,1,441,0.4,sigmoid,0.001,300,128,datasets/7-5/train/reg/ds_dti_pw_1_ec_train_reg_10.csv,
11,11,11,3,74,0.0,sigmoid,0.01,300,128,datasets/7-5/train/reg/ds_dti_pw_1_ec_train_reg_10.csv,
11,11,11,2,424,0.2,relu,0.001,300,32,datasets/7-5/train/reg/ds_dti_pw_1_ec_train_reg_10.csv,
11,11,11,4,335,0.4,relu,0.0001,300,32,datasets/7-5/train/reg/ds_dti_pw_1_ec_train_reg_10.csv,
11,11,11,1,251,0.0,tanh,0.001,300,32,datasets/7-5/train/reg/ds_dti_pw_1_ec_train_reg_10.csv,
11,11,11,3,362,0.2,tanh,0.0001,300,64,datasets/7-5/train/reg/ds_dti_pw_1_ec_train_reg_10.csv,
11,11,11,1,131,0.2,sigmoid,0.01,300,128,datasets/7-5/train/reg/ds_dti_pw_1_ec_train_reg_10.csv,
11,11,11,1,340,0.2,tanh,0.0001,300,64,datasets/7-5/train/reg/ds_dti_pw_1_ec_train_reg_10.csv,
11,11,11,1,453,0.2,sigmoid,0.0001,300,128,datasets/7-5/train/reg/ds_dti_pw_1_ec_train_reg_10.csv,
11,11,11,4,396,0.4,relu,0.01,300,32,datasets/7-5/train/reg/ds_dti_pw_1_ec_train_reg_10.csv,
11,11,11,2,101,0.4,sigmoid,0.0001,300,128,datasets/7-5/train/reg/ds_dti_pw_1_ec_train_reg_10.csv,
11,11,11,4,328,0.4,sigmoid,0.01,300,128,datasets/7-5/train/reg/ds_dti_pw_1_ec_train_reg_10.csv,
11,11,11,2,428,0.4,sigmoid,0.001,300,64,datasets/7-5/train/reg/ds_dti_pw_1_ec_train_reg_10.csv,
11,11,11,1,223,0.0,tanh,0.0001,300,128,datasets/7-5/train/reg/ds_dti_pw_1_ec_train_reg_10.csv,
11,11,11,1,357,0.2,relu,0.001,300,64,datasets/7-5/train/reg/ds_dti_pw_1_ec_train_reg_10.csv,
11,11,11,2,396,0.4,tanh,0.0001,300,64,datasets/7-5/train/reg/ds_dti_pw_1_ec_train_reg_10.csv,
11,11,11,3,258,0.4,tanh,0.0001,300,64,datasets/7-5/train/reg/ds_dti_pw_1_ec_train_reg_10.csv,
11,11,11,1,497,0.0,relu,0.0001,300,64,datasets/7-5/train/reg/ds_dti_pw_1_ec_train_reg_10.csv,
11,11,11,3,197,0.4,sigmoid,0.0001,300,32,datasets/7-5/train/reg/ds_dti_pw_1_ec_train_reg_10.csv,
11,11,11,1,56,0.0,relu,0.001,300,32,datasets/7-5/train/reg/ds_dti_pw_1_ec_train_reg_10.csv,
11,11,11,1,353,0.0,relu,0.0001,300,32,datasets/7-5/train/reg/ds_dti_pw_1_ec_train_reg_10.csv,
11,11,11,4,191,0.0,sigmoid,0.01,300,64,datasets/7-5/train/reg/ds_dti_pw_1_ec_train_reg_10.csv,
11,11,11,4,21,0.2,tanh,0.01,300,128,datasets/7-5/train/reg/ds_dti_pw_1_ec_train_reg_10.csv,
11,11,11,1,282,0.2,sigmoid,0.001,300,64,datasets/7-5/train/reg/ds_dti_pw_1_ec_train_reg_10.csv,
11,11,11,4,53,0.2,tanh,0.01,300,32,datasets/7-5/train/reg/ds_dti_pw_1_ec_train_reg_10.csv,
11,11,11,4,468,0.4,relu,0.001,300,64,datasets/7-5/train/reg/ds_dti_pw_1_ec_train_reg_10.csv,
11,11,11,2,287,0.0,tanh,0.001,300,64,datasets/7-5/train/reg/ds_dti_pw_1_ec_train_reg_10.csv,
11,11,11,1,169,0.0,tanh,0.01,300,32,datasets/7-5/train/reg/ds_dti_pw_1_ec_train_reg_10.csv,
11,11,11,3,119,0.4,sigmoid,0.001,300,128,datasets/7-5/train/reg/ds_dti_pw_1_ec_train_reg_10.csv,
11,11,11,3,372,0.2,tanh,0.0001,300,64,datasets/7-5/train/reg/ds_dti_pw_1_ec_train_reg_10.csv,
11,11,11,1,166,0.4,tanh,0.0001,300,32,datasets/7-5/train/reg/ds_dti_pw_1_ec_train_reg_10.csv,
11,11,11,1,336,0.0,tanh,0.001,300,32,datasets/7-5/train/reg/ds_dti_pw_1_ec_train_reg_10.csv,
11,11,11,2,208,0.0,tanh,0.0001,300,32,datasets/7-5/train/reg/ds_dti_pw_1_ec_train_reg_10.csv,
11,11,11,3,315,0.4,sigmoid,0.01,300,32,datasets/7-5/train/reg/ds_dti_pw_1_ec_train_reg_10.csv,
11,11,11,4,151,0.2,relu,0.001,300,128,datasets/7-5/train/reg/ds_dti_pw_1_ec_train_reg_10.csv,
11,11,11,1,427,0.0,sigmoid,0.001,300,64,datasets/7-5/train/reg/ds_dti_pw_1_ec_train_reg_10.csv,
11,11,11,1,333,0.4,tanh,0.0001,300,32,datasets/7-5/train/reg/ds_dti_pw_1_ec_train_reg_10.csv,
11,11,11,1,228,0.2,tanh,0.01,300,64,datasets/7-5/train/reg/ds_dti_pw_1_ec_train_reg_10.csv,
11,11,11,2,65,0.2,relu,0.0001,300,64,datasets/7-5/train/reg/ds_dti_pw_1_ec_train_reg_10.csv,
11,11,11,3,259,0.2,sigmoid,0.01,300,64,datasets/7-5/train/reg/ds_dti_pw_1_ec_train_reg_10.csv,
11,11,11,1,491,0.2,tanh,0.0001,300,32,datasets/7-5/train/reg/ds_dti_pw_1_ec_train_reg_10.csv,
11,11,11,3,449,0.2,relu,0.001,300,32,datasets/7-5/train/reg/ds_dti_pw_1_ec_train_reg_10.csv,
11,11,11,1,389,0.2,sigmoid,0.0001,300,64,datasets/7-5/train/reg/ds_dti_pw_1_ec_train_reg_10.csv,
11,11,11,1,143,0.0,relu,0.01,300,128,datasets/7-5/train/reg/ds_dti_pw_1_ec_train_reg_10.csv,
11,11,11,2,498,0.2,sigmoid,0.0001,300,128,datasets/7-5/train/reg/ds_dti_pw_1_ec_train_reg_10.csv,
11,11,11,1,254,0.0,tanh,0.01,300,64,datasets/7-5/train/reg/ds_dti_pw_1_ec_train_reg_10.csv,
11,11,11,3,447,0.0,tanh,0.0001,300,128,datasets/7-5/train/reg/ds_dti_pw_1_ec_train_reg_10.csv,
11,11,11,2,263,0.4,tanh,0.001,300,32,datasets/7-5/train/reg/ds_dti_pw_1_ec_train_reg_10.csv,
11,11,11,2,290,0.0,tanh,0.01,300,64,datasets/7-5/train/reg/ds_dti_pw_1_ec_train_reg_10.csv,
11,11,11,1,168,0.0,tanh,0.0001,300,64,datasets/7-5/train/reg/ds_dti_pw_1_ec_train_reg_10.csv,
11,11,11,3,203,0.4,sigmoid,0.01,300,128,datasets/7-5/train/reg/ds_dti_pw_1_ec_train_reg_10.csv,
11,11,11,3,327,0.2,tanh,0.0001,300,128,datasets/7-5/train/reg/ds_dti_pw_1_ec_train_reg_10.csv,
11,11,11,4,365,0.4,tanh,0.01,300,128,datasets/7-5/train/reg/ds_dti_pw_1_ec_train_reg_10.csv,
11,11,11,3,426,0.2,relu,0.0001,300,64,datasets/7-5/train/reg/ds_dti_pw_1_ec_train_reg_10.csv,
11,11,11,2,327,0.4,sigmoid,0.0001,300,32,datasets/7-5/train/reg/ds_dti_pw_1_ec_train_reg_10.csv,
11,11,11,2,194,0.0,sigmoid,0.001,300,64,datasets/7-5/train/reg/ds_dti_pw_1_ec_train_reg_10.csv,
11,11,11,4,133,0.4,relu,0.0001,300,64,datasets/7-5/train/reg/ds_dti_pw_1_ec_train_reg_10.csv,
11,11,11,4,368,0.4,tanh,0.01,300,64,datasets/7-5/train/reg/ds_dti_pw_1_ec_train_reg_10.csv,
11,11,11,2,20,0.4,sigmoid,0.001,300,64,datasets/7-5/train/reg/ds_dti_pw_1_ec_train_reg_10.csv,
11,11,11,3,292,0.0,relu,0.0001,300,64,datasets/7-5/train/reg/ds_dti_pw_1_ec_train_reg_10.csv,
11,11,11,2,86,0.0,sigmoid,0.001,300,128,datasets/7-5/train/reg/ds_dti_pw_1_ec_train_reg_10.csv,
11,11,11,4,382,0.0,sigmoid,0.0001,300,128,datasets/7-5/train/reg/ds_dti_pw_1_ec_train_reg_10.csv,
11,11,11,3,485,0.0,sigmoid,0.01,300,32,datasets/7-5/train/reg/ds_dti_pw_1_ec_train_reg_10.csv,
11,11,11,3,426,0.2,relu,0.001,300,128,datasets/7-5/train/reg/ds_dti_pw_1_ec_train_reg_10.csv,
11,11,11,1,148,0.0,sigmoid,0.01,300,64,datasets/7-5/train/reg/ds_dti_pw_1_ec_train_reg_10.csv,
11,11,11,1,346,0.2,sigmoid,0.01,300,32,datasets/7-5/train/reg/ds_dti_pw_1_ec_train_reg_10.csv,
